compounds,Pathways that produce compound,Pathways that consume compound
ACET,NAGLIPASYN-PWY // LPSSYN-PWY // KDO-NAGLIPASYN-PWY // PWY-5967 // PWY-5087 // GLUDEG-II-PWY // PWY-5088 // PWY-2941 // SOPHOROSYLOXYDOCOSANOATE-DEG-PWY // PWY-5344 // PWY-5345 // HSERMETANA-PWY // PWY-6293 // PWY-821 // LYSDEGII-PWY // P483-PWY // PWY-7077 // PWY-7395 // PWY-7376 // P381-PWY // PWY-5075 // PWY-5154 // PWY-5643 // PWY-5021 // PWY-5929 // PWY-5883 // PWY-6322 // PWY-6444 // P482-PWY // PWY-0 // PWY-6558 // PWY-6564 // PWY-6464 // PWY-4985 // PWY-4961 // PWY-7018 // PWY-5835 // GLUTORN-PWY // ARGSYN-PWY // ARG+POLYAMINE-SYN // PWY0-1261 // PWY-6906 // PWY-7014 // PWY-7000 // PWY-7022 // PWY-7020 // PWY-7016 // PWY-7021 // PWY1G-0 // PWY-6699 // PWY-7274 // PWY-5754 // PWY-6431 // PWY-7826 // PWY-5665 // PWY-7403 // PWY-8071 // PWY0-1309 // PWY-7521 // PWY-5109 // PWY-7541 // PWY-7599 // PWY-5708 // PWY-6176 // PWY-7552 // PWY-4741 // PWY-5301 // PWY-6038 // PWY-7730 // PWY-7712 // PWY-7713 // PWY-7715 // PWY-7769 // PWY-7775 // P342-PWY // PWY-7268 // PWY-7245 // PWY-5768 // PWY-7774 // PWY66-378 // PWY-7305 // PWY-7821 // P641-PWY // PWY-7387 // PWY-7855 // PWY-7401 // PWY-804 // PWY-7870 // PWY-7906 // PWY-5499 // PWY-7138 // PWY-5292 // PWY-6399 // PWY-6402 // PWY-5270 // PWY-8087 // CYSTSYN-PWY // SULFATE-CYS-PWY // PWY-8073 // TOLUENE-DEG-DIOL-PWY // PWY-6954 // PWY-5179 // TOLUENE-DEG-2-OH-PWY // PWY-5180 // PWY-5183 // PWY-7002 // PWY8J2-1 // PWY-6855 // PWY-7174 // PWY-8132 // PWY-6936 // PWY-6395 // PWY-6955 // PWY-6056 // PWY-5955 // PWY-5961 // PWY-8200 // PWY-8015 // P163-PWY // PWY-5327 // FERMENTATION-PWY // P164-PWY // PWY-5497 // PWY-5482 // P41-PWY // PWY-5485 // P441-PWY // P461-PWY // PWY4LZ-257 // PWY-5483 // PWY-5096 // PWY-5859 // PWY-5882 // PWY-7544,PWY-5494 // PWY-8188 // PWY-6588 // PWY-6594 // METH-ACETATE-PWY // PWY-6830 // PWY-7254
L-ALPHA-ALANINE,ALANINE-VALINESYN-PWY // PWY-5499 // PWY-6832 // PHOSPHONOTASE-PWY // PWY-5324 // PWY-5327 // PWY-5651 // PWY-3502 // NADSYN-PWY // PWY-5655 // TRYPTOPHAN-DEGRADATION-1 // PWY-1263 // PWY-1541 // PWY-5031 // PWY-5742 // PWY3O-4108 // PWY-5736 // PWY0-1546 // PWY-5079 // PWY-6309 // TRPCAT-PWY // PWY-6505 // PWY-6954 // PWY-2504 // PWY-6473 // PWY-4321 // PWY-7387 // PWY-7717 // PWY-7765 // PWY-5468 // PWY-3 // PWY-1822 // PWY-7250 // PWY-6823 // PWY-8164 // PWY-6891 // PWY-6895 // PWY-6892 // THISYN-PWY // PWY-7892 // PWY-7904 // PWY-7891 // PWY-7889 // PWY-7888 // PWY0-1021 // PWY-7770 // PWYDQC-4 // PWY-5963 // PWY-8165 // ALANINE-SYN2-PWY // PWY-5096 // PWY-6146 // PWY0-1061 // PWY-1781,PWY-6839 // PWY-8011 // PWY-5940 // PWY-7351 // PWY-7880 // PWY-6456 // PWY1-2 // PWY-8040 // PWY-8072 // ALADEG-PWY // PWY-6519 // BIOTIN-BIOSYNTHESIS-PWY // PWY-7147 // PWY-6682 // PWY-5710 // PWY-7735 // PWY-8117 // PWY-7769 // PWY-7671 // TRNA-CHARGING-PWY // PWY-8188 // PWY-8189 // PROPFERM-PWY // ALACAT2-PWY // ALANINE-DEG3-PWY // PWY-6322 // PWY-7694 // PWY-7626 // PWY-6495 // PWY-6503 // PWY-5254 // PWY-7543 // PWY-7542 // PWY-6578 // PWY-5005 // PWY-5748 // PWY-6219 // PWY-1782 // PWY-5826 // PWY-3941 // PWY-4221 // GLYSYN-ALA-PWY // PWY-7953 // PWY-6387 // PEPTIDOGLYCANSYN-PWY // PWY-6385 // PWY-6386 // PWY-6470 // PWY-5265 // PWY-6471
ASN,ASPARAGINE-BIOSYNTHESIS // ASPARAGINESYN-PWY // PWY0-1325 // ASPSYNII-PWY,PWY-8117 // TRNA-CHARGING-PWY // PWY-7694 // ASPARAGINE-DEG1-PWY-1 // ASPARAGINE-DEG1-PWY // PWY-4002
L-ASPARTATE,ASPSYNII-PWY // ASPARAGINE-DEG1-PWY // PWY-7855 // ASPARTATESYN-PWY // PWY-6146,ASPARAGINESYN-PWY // ASPARAGINE-BIOSYNTHESIS // PWY0-1325 // PWY490-4 // PWY-7977 // PWY-8179 // HOMOSERSYN-PWY // MET-SAM-PWY // METSYN-PWY // PWY-8088 // PWY-6160 // PWY-6165 // DAPLYSINESYN-PWY // PWY-7153 // PWY-5097 // PWY-724 // PWY-2942 // PWY-2941 // PWY-6562 // PWY-6559 // PWY-6565 // P101-PWY // ASPARTATE-DEG1-PWY // PWY-7383 // PWY-7389 // MALATE-ASPARTATE-SHUTTLE-PWY // TRNA-CHARGING-PWY // PWY-6511 // PWY-6148 // PWY-6720 // PWY-7219 // PWY66-409 // PWY-7229 // PWY-6126 // PWY-5811 // PWY-2021 // PWY-5797 // PWY-6219 // PWY-1782 // PWY-1981 // PWY-5316 // PWY-7342 // PYRIDNUCSYN-PWY // PWY-5 // PWY-5155 // PANTOSYN-PWY // PWY-7790 // PWY-7791 // PWY-7234 // PWY-6123 // DENOVOPURINE2-PWY // PRPP-PWY // PWY-6124 // PWY-841 // ARGSYN-PWY // ARG+POLYAMINE-SYN // ARGSYNBSUB-PWY // PWY-5154 // PWY-7400 // PWY-4983 // PWY-4984 // PWY-5004
BUTYRIC_ACID,P163-PWY // PWY-5327 // PWY-7780 // P3-PWY // P162-PWY // PWY-8190 // PWY-5677 // PWY-7010 // CENTFERM-PWY // GLUDEG-II-PWY // PWY-6590,PWY-6588 // PWY-6594
CHOLATE,PWY-8135,PWY-8134 // PWY-7754 // PWY-6518
FORMATE,PWY-6698 // PWY66-387 // PWY66-388 // PWY-5437 // THREOCAT-PWY // PWY-5389 // PWY-1723 // PWY-1801 // PWY-5033 // PWY0-1338 // FORMASS-PWY // PWY-6167 // PWY-6400 // PWY-6402 // PWY-6983 // PWY-5663 // PWY-7852 // PWY-7442 // PWY0-1433 // PWY-6147 // PWY-6612 // ALL-CHORISMATE-PWY // FOLSYN-PWY // PWY-6703 // PWY-7128 // PWY-8085 // PWY-6993 // PWY-722 // PWY-5062 // PWY-6890 // THISYN-PWY // THISYNARA-PWY // PWY-6895 // PWY-6899 // PWY-5846 // PWY-7769 // PWY-6322 // PWY-6622 // PWY-7853 // PWY-6797 // PWY-7430 // PWY-5651 // PWY-3502 // NADSYN-PWY // PWY-5655 // TRYPTOPHAN-DEGRADATION-1 // PWY-7765 // PWY-7717 // PWY-6309 // TRPCAT-PWY // PWY-6505 // PWY-7909 // HISHP-PWY // PWY-5707 // PWY-6176 // PWY-7153 // PWY-1361 // PWY-7729 // PWY-5507 // PWY-8096 // PWY-8097 // PWY-8095 // PWY-7733 // PWY-7734 // PWY-7306 // PWY66-380 // PWY-7305 // PWY-7779 // PWY-6695 // PWY-7908 // PWY1G-170 // P183-PWY // PWY-5415 // PWY-6954 // PWY-5178 // PWY-2504 // PWY-5430 // PWY-6956 // PWY-6957 // PWY-7991 // PWY-7539 // PWY-6168 // RIBOSYN2-PWY // PWY-6074 // ERGOSTEROL-SYN-PWY // PWY66-4 // PWY66-341 // PWY66-3 // PWY66-5 // PWY-7572 // PWY-7493 // PWY-2541 // PWY-8026 // PWY-7154 // PWY-7156 // PWY-5028 // PWY-8066 // TOLUENE-DEG-3-OH-PWY // PWY-5182 // PWY-5183 // PWY-8191 // PWY18C3-1 // PWY-4361 // PWY-7528 // PWY-7270 // PWY-7527 // PWY-7032 // PWY-7142 // PWY-5493 // PWY-5485 // PWY-5480 // PWY4LZ-257 // P461-PWY // P441-PWY,PWY-7868 // PWY-1722 // PWY-2161 // PWY-3841 // PWY-6122 // PWY-6277 // PWY-6772 // PWY-1881 // PWY0-1585 // PWY0-1355 // PWY0-1356 // PWY0-1321 // PWY-7222 // PWY-6125 // PWY-7187 // PWY0-166 // PWY-7220 // PWY-6126 // DENOVOPURINE2-PWY // PRPP-PWY // PWY-7234
Fucoses,,
FUM,PWY-7219 // PWY66-409 // PWY-7229 // PWY-6126 // ARGSYN-PWY // ARG+POLYAMINE-SYN // PWY-7400 // PWY-5154 // ARGSYNBSUB-PWY // PWY-4984 // PWY-4983 // PWY-5004 // PWY-7128 // PWY-8085 // PWY-6993 // PWY-722 // PWY-5033 // PWY-5062 // PWY-7234 // PWY-6123 // DENOVOPURINE2-PWY // PRPP-PWY // PWY-6124 // PWY-841 // PWY-5 // PWY-6720 // PWY-6690 // PWY-6223 // P281-PWY // PWY-7044 // PWY-6148 // GLUTDEG-PWY // TYRFUMCAT-PWY // PWY-3781 // PWY-7279 // PWY-4302 // PWY0-1353 // PWY0-1329,PWY-81 // BENZCOA-PWY // PWY-5184 // ASPASN-PWY // PWY-7706 // PWY-7790 // PWY0-1582 // PWY0-1576 // PWY0-1336 // PWY-142
Glucose,,
Glutamates,PWY0-461 // PWY-5327 // PWY-6328,
GLYCEROL,PWY-5668 // PHOSLIPSYN-PWY // PWY-7420 // PWY-7446 // LIPAS-PWY // PWY-6491 // PWY-6516,GLYCEROLMETAB-PWY // PWY-6131 // PWY-7003 // PWY-6130 // GOLPDLCAT-PWY
GLY,GLYSYN-ALA-PWY // PWY-6745 // PWY-6100 // PWY66-375 // PWY-6841 // PWY-7559 // PWY-7447 // CRNFORCAT-PWY // PWY-4722 // PWY-7533 // PWY66-385 // PWY-2161 // GLYSYN-PWY // SER-GLYSYN-PWY // PWY-5707 // PWY-5706 // PWY-6176 // PWY-7614 // PWY-6021 // PWY-8135 // PWY-4061 // PWY-7112 // PWY-6842 // CAMALEXIN-SYN // PWYQT-4477 // PWYQT-4475 // PWYQT-4471 // PWY-1187 // PWYQT-4474 // PWY-2821 // PWYQT-4473 // PWYQT-4472 // PWY-601 // PWY-7901 // PWY-8001 // PWY-5436 // GLYSYN-THR-PWY // THREONINE-DEG2-PWY // THREOCAT-PWY // GLYCINE-SYN2-PWY // PWY-2201,PWY-7351 // PWY-6649 // PWY-8015 // PWY1A0-6120 // PWY-8082 // PWY-6909 // THISYNARA-PWY // PWY-8049 // PWY-8045 // PWY-7693 // GLYCGREAT-PWY // GLUTATHIONESYN-PWY // PWY-8043 // PWY-8011 // PWY-7991 // PWY-7737 // PWY-7671 // PWY-7536 // PWY-5189 // PWY-5529 // PWY-5920 // PWY-7892 // TRNA-CHARGING-PWY // PWY-7891 // PWY-7751 // PWY-7718 // PWY0-1586 // PWY-7577 // PWY-7571 // 1CMET2-PWY // GLYCLEAV-PWY // PWY-5903 // PWY-6004 // P541-PWY // PWY-6891 // PWY-6895 // PWY-7396 // PWY-6318 // PWY-6061 // PWY66-241 // PWY-6121 // PWY-841 // PWY-6122 // PRPP-PWY // DENOVOPURINE2-PWY // PWY-6277
HIS,HISTSYN-PWY // PRPP-PWY // PWY-5029,PWY-8007 // TRNA-CHARGING-PWY // PWY-7605 // PWY-7609 // PWY-5030 // HISHP-PWY // PWY-5028 // HISDEG-PWY // PWY-7550 // PWY-7255 // PWY66-421 // PWY-5031 // PWY66-420 // PWY-6173 // HISTDEG-PWY
INOSINE,,
ISOBUTYRATE,PWY-5075 // PWY-5163 // PWY-5273 // PWY-5266 // PWY-7011 // PWY-8183,PWY-5133 // PWY-5134
ILE,PWY-7859 // PWY-5108 // ILEUSYN-PWY // THREOCAT-PWY // PWY-3001 // BRANCHED-CHAIN-AA-SYN-PWY // PWY-5101 // PWY-5104 // PWY-5103,PWY-6233 // PWY-6220 // PWY-6234 // PWY-5990 // PWY-5991 // TRNA-CHARGING-PWY // PWY-7706 // PWY-7667 // PWY-6679 // PWY-8184 // PWY-8173 // ILEUDEG-PWY // PWY-5078
Lactate,,
LEU,PWY-1822 // LEUSYN-PWY // BRANCHED-CHAIN-AA-SYN-PWY,PWY-7767 // PWY-8185 // PWY-8174 // LEU-DEG2-PWY // PWY-5076 // PWY-8081 // PWY-6233 // PWY-6220 // PWY-6234 // TRNA-CHARGING-PWY // PWY-7769 // PWY-7706 // PWY-7694 // PWY-7665 // PWY-7648 // PWY-6003 // PWY-7441 // PWY-6219 // PWY-1782 // PWY-5075
LYS,LYSINE-AMINOAD-PWY // PWY0-521 // DAPLYSINESYN-PWY // P4-PWY // PWY0-781 // PWY-5097 // PWY-724 // PWY-2942 // PWY-2941 // PWY-3081,LYSINE-DEG1-PWY // PWY-6409 // PWY0-461 // PWY-6328 // PWY0-1601 // PWY-6381 // PWY-6375 // PWY-6376 // PWY-5468 // PWY0-1303 // POLYAMSYN-PWY // ARG+POLYAMINE-SYN // PWY-7861 // P163-PWY // PWY66-425 // PWY-5311 // TRNA-CHARGING-PWY // PWY-7667 // PWY-7668 // PWY-7380 // PWY-5005 // PWY-5314 // PWY-6994 // LYSDEGII-PWY // PWY-5298 // PWY-5280 // AEROBACTINSYN-PWY // PWY-6386 // PWY-6470 // PWY-5265 // PWY-6471 // PWY-5283 // PWY-5324 // PWY-5327
MALONATE,PWY-6426 // PWY-2561 // PWY-2861 // PWY-2904 // PWY-5717 // PWY-2701 // PWY-2345 // PWY-2343 // PWY-7776,PWY-6060 // PWY-6799 // PWY-5926
MALTOSE,PWY-6724 // PWY-6735,PWY-7238 // PWY-842 // MALTOSECAT-PWY
MET,PWY-3661-1 // PWY-3661 // PWY-6644 // PWY-6627 // PWY-6890 // THISYNARA-PWY // PWY-6895 // PWY-7022 // PWY-7020 // PWY-7286 // PWY-7283 // PWY-7285 // PWY-702 // PWY-724 // PWY-6942 // PWY-7110 // PWY-6977 // PWY-6892 // THISYN-PWY // PWY-6828 // PWY-7554 // PWY-7371 // PWY-7992 // PWY-7373 // PWY-7374 // PWY-6263 // PWY-7072 // PWY-6700 // PWY-7729 // PWY-5507 // PWY-8096 // PWY-8097 // PWY-8095 // PWY-7769 // PWY-6322 // PWY-5531 // PWY-5529 // HEMESYN2-PWY // PWY0-1415 // PWY-7807 // PWY-7399 // PWY0-1533 // PWY-7805 // PWY-6823 // PWY-7846 // PWY-6148 // PWY-7864 // PWY-7760 // PWY-8112 // PWY-5198 // PWY-8113 // PWY-4361 // PWY-7552 // PWY-5757 // PWY-7799 // PWY-7800 // PWY-6420 // PWY-8106 // PWY-7174 // PWY-8132 // PWY-7382 // PWY-7380 // PWY-5005 // PWY0-1507 // BIOTIN-BIOSYNTHESIS-PWY // PWY-8128 // PWY-6987 // PWY0-501 // PWY0-1275 // PWY-7710 // HOMOSER-METSYN-PWY // P4-PWY // PWY-5347 // METSYN-PWY // PWY-2201 // HSERMETANA-PWY // PWY-5345 // 1CMET2-PWY // PWY-3841 // ADENOSYLHOMOCYSCAT-PWY // PWY-7977 // PWY-8122,PWY-1186 // PWY-6854 // PWY-6053 // TRNA-CHARGING-PWY // PWY-7708 // PWY-7694 // PWY-701 // PWY-7793 // PWY-5082 // PWY-6055 // PWY-6054 // PWY-5912 // SAM-PWY // PWY-I9 // ETHYL-PWY // METHIONINE-DEG1-PWY // PWY-6292
NIACINE,PWY-7961 // P345-PWY // PWY-7963 // PWY-7964 // PWY-7970 // PWY-7969 // PWY-7967 // PWY-7966 // PWY-5509 // PWY-5507 // P381-PWY // PWY-6269 // COBALSYN-PWY // PWY-7968 // PWY-7965,PWY-722 // PWY-5388 // PWY-5033 // PWY-5055 // PWY-5062 // PWY-5110
PHE,PWY-3462 // PWY-3481 // PWY-5082 // PWY-7520 // PWY-5081 // PWY-7432 // PHESYN // PWY-6628 // COMPLETE-ARO-PWY // ALL-CHORISMATE-PWY,PWY-6003 // PWY-8116 // PHENYLALANINE-DEG1-PWY // PWY-6134 // PWY-8014 // ANAPHENOXI-PWY // BENZCOA-PWY // PWY-6220 // PWY-6234 // PWY-2821 // PWY-7824 // TRNA-CHARGING-PWY // PWY-7668 // PWY-7665 // PWY-7626 // PWY-6495 // PWY-6503 // PWY-7158 // PWY-7533 // PWY-5883 // PWY-8157 // PWY-6457 // PWY-6446 // PWY-7169 // PWY-6443 // PWY1F-467 // PWY-7186 // PWY-1121 // PWY-5048 // PWY-5071 // PWY-5660 // PWY-6444 // PWY-7704 // PWY-7275 // PWY-5079 // PWY-5751 // PWY-6318 // PWY-6219 // PWY-1782 // PWY-5788
PRO,P561-PWY // ORN-AMINOPENTANOATE-CAT-PWY // PWY-4981 // ARG-GLU-PWY // PWY-7515 // PWY-4281 // PWY-8187 // PWY-3341 // PROSYN-PWY // ARG-PRO-PWY,PWY1A0-6120 // PWY-7930 // PWY-7931 // PWY-7933 // PWY-7547 // TRNA-CHARGING-PWY // PWY0-1544 // PWY-7718 // PWY-7665 // PWY-6495 // PWY-6503 // PWY-7525 // PWY-7537 // PWY-6003 // PWY-6922 // CITRULBIO-PWY // PWY-5004 // PWY-5737 // PROUT-PWY // PWY-8186
PROPIONATE,2OXOBUTYRATECAT-PWY // PWY-5055 // PWY-5062 // PWY-5736 // PWY-7554 // PWY-8086 // P108-PWY // PWY-5088 // PWY-7384 // PWY-7389 // PWY0-43 // PWY-7013 // PWY-5437 // THREOCAT-PWY // PWY-5494 // PROPFERM-PWY // PWY-8188,PWY-5109 // PWY-5747 // PWY-5104 // PWY0-42 // PWY-3941 // PWY-4221
DL-12-Propanediol,,
SUC,DAPLYSINESYN-PWY // GLYOXYLATE-BYPASS // PWY-5747 // PWY0-42 // PWY0-981 // PWY-1541 // PWY-142 // AST-PWY // PWY-5363 // 3-HYDROXYPHENYLACETATE-DEGRADATION-PWY // P181-PWY // PWY-6537 // PWY-6993 // PWY-6085 // PWY-6086 // PWY-6100 // PWY-3621 // PWY-6950 // HCAMHPDEG-PWY // PWY0-1277 // PWY-7894 // PWY66-387 // PWY-5679 // PWY-5059 // PWY1F-823 // PWY-5925 // PWY-5270 // PWY-7151 // PWY-7150 // PWY-7149 // PWY-7186 // PWY-7232 // PWY-6853 // PWY-7274 // PWY-5737 // PWY-7298 // PWY-5390 // PWY1F-FLAVSYN // PWY-3101 // PWY-5391 // PWY-6266 // PWY-7000 // PWY-5743 // PWY-7024 // PWY-2083 // PWY-3097 // PWY-5060 // PWY-6787 // PWY-7419 // PWY-7790 // PWY-7447 // PWY-5749 // PWY-7517 // PWY-7582 // PWY-6536 // PWY-7648 // PWY-7649 // PWY-5349 // PWY-7693 // PWY-7706 // PWY-5818 // PWY-5152 // PWY-7267 // PWY-641 // PWY-5125 // PWY66-368 // PWY-2361 // PWY-5183 // PWY-5417 // PWY-6182 // PWY-5431 // PWY-5181 // PWY-2504 // PWY-6957 // PWY-6185 // PWY-6696 // PWY-6695 // PWY-6328 // PWY-5280 // PWY-81 // BENZCOA-PWY // PWY-5184 // PWY-804 // PWY-5292 // PWY-7898 // HOMOSER-METSYN-PWY // P4-PWY // PWY-5347 // METSYN-PWY // MET-SAM-PWY // PWY0-781 // PWY-801 // PWY-6293 // PWY-821 // PWY0-1582 // PWY0-1576 // FERMENTATION-PWY // PWY0-1336 // PWY-7955 // PWY-102 // PWY-5070 // PWY-5036 // PWY-5153 // PWY-5035 // PWY-5052 // PWY-6919 // PWY-6915 // PWY-7252 // PWY-5631 // PWY-5634 // PWY-7126 // PWY-7253 // PWY-6659 // PWY-7687 // PWY-7704 // PWY-7705 // PWY-7957 // PWY-7959 // PWY-7956 // PWY-7958 // PWY-7960 // PWY-7978 // PWY-6473 // PWY-6535 // ORNARGDEG-PWY // ARGDEG-PWY // 4AMINOBUTMETAB-PWY // GLUDEG-I-PWY // PWY-4321 // PWY-7749 // PWY-5479 // PWY-6792 // PWY-7398 // PWY-6982 // PWY1G01-4 // PWY0-461 // PWY-5327 // PWY-8045 // PWY18C3-3 // PWY18C3-2 // PWY18C3-6 // PWY-8066 // PWY-8075 // PWY-5317 // PWY-7341 // PWY-8083 // PWY-8080 // PWY-8076 // PWY-4161 // PWY-6682 // PWY-8124 // PWY-7599 // PWY-7526 // PWY-7537 // PWY-8158 // PWY-8179 // PWY-5913,PWY-5677 // PWY-I9 // PWY0-43 // PWY-3781 // PWY-7279 // PWY-4302 // PWY0-1353 // PWY0-1329
THR,HOMOSER-THRESYN-PWY // PWY0-781 // P4-PWY // PWY-724 // THRESYN-PWY,PWY-5436 // GLYSYN-THR-PWY // PWY-6409 // PWY-5826 // PWY-5437 // ILEUSYN-PWY // BRANCHED-CHAIN-AA-SYN-PWY // PWY-7984 // PWY-5903 // PWY-7983 // TRNA-CHARGING-PWY // PWY-6374 // PWY-7378 // THRDLCTCAT-PWY // THREONINE-DEG2-PWY // PWY-7718 // PWY-7658 // PWY-7650 // PWY66-428 // PWY-7441 // PWY0-1587 // PWY-5443 // THREOCAT-PWY // P381-PWY // PWY-5507 // PWY-6644 // P241-PWY
TRP,TRPSYN-PWY // PWY-6629 // COMPLETE-ARO-PWY // ALL-CHORISMATE-PWY,PWY-3162 // PWY-7770 // PWYDQC-4 // PWY-6030 // TRPIAACAT-PWY // TRPKYNCAT-PWY // PWY-8017 // CAMALEXIN-SYN // PWY-8024 // PWY-601 // PWY-7733 // PWY-7734 // PWY-7957 // PWY-7959 // PWY-7958 // PWY-7956 // PWY-5290 // PWY-581 // PWY-7936 // PWY-6307 // PWY-5877 // PWY-5473 // PWY-3181 // TRYPDEG-PWY // PWY-6345 // PWY-7040 // PWY-6346 // PWY-5467 // TRNA-CHARGING-PWY // PWY-7708 // PWY-7667 // PWY-7668 // PWY-7612 // PWY-7605 // PWY-7609 // PWY-7555 // PWY-7549 // PWY-7543 // PWY-7542 // PWY-7532 // PWY-7525 // PWY-7537 // PWY-5651 // PWY-3502 // NADSYN-PWY // PWY-5655 // TRYPTOPHAN-DEGRADATION-1 // PWY-7765 // PWY-7717 // TRPCAT-PWY // PWY-6505 // PWY-6954 // PWY-2504 // PWY-6309 // PWY-6324 // PWY-6831 // PWY-7520 // PWY-5081 // PWY-3161 // PWY-6493 // PWY-6503
TYR,PWY-6120 // PWY-3461 // PWY-3481 // PWY-7158 // PHENYLALANINE-DEG1-PWY // PWY-6134 // TYRSYN // PWY-6630 // COMPLETE-ARO-PWY // ALL-CHORISMATE-PWY,PWY-8016 // PWY-5754 // PWY-5048 // PWY-7518 // PWY-7514 // PWY-5886 // PWY-5864 // TYRFUMCAT-PWY // PWY-5151 // PWY-6955 // PWY-5049 // PWY-5071 // PWY66-301 // PWY-5394 // PWY-6409 // PWY-7432 // PWY-7960 // PWY-7955 // PWY-8112 // PWY-5198 // PWY-8113 // PWY-7901 // PWY-7088 // PWY-861 // TRNA-CHARGING-PWY // PWY-7670 // PWY-5399 // PWY-7565 // PWY-7563 // PWY-7561 // PWY-6892 // THISYN-PWY // PWY-7671 // PWY-7304 // PWY-7287 // PWY-7398 // PWY-7397 // PWY-6481 // PWY-7917 // PWY3O-4108 // PWY-5929 // PWY-5404 // PWY-5405 // PWY-3581 // PWY-6133 // PWY-7826 // PWY-5254 // PWY-7297 // PWY-6802 // PWY-5474
URACIL,PWY0-1295 // PWY-7181 // PWY0-1298 // PWY-5532 // PWY-6556 // PWY-7195 // PWY-6019,PWY-7183 // PWY-7208 // PWY-3982 // PWY0-1471 // PWY-6426 // PWY-1 // PWY-5021
URIDINE,PWY-7185,PWY-5532
VAL,VALSYN-PWY // BRANCHED-CHAIN-AA-SYN-PWY,PWY-8183 // PWY-8175 // VALDEG-PWY // PWY-5057 // PWY-6233 // PWY-6220 // PWY-6234 // PWY-3022 // PWY-5991 // TRNA-CHARGING-PWY // PWY-7735 // PWY-7718 // PWY-7708 // PWY-7706 // PWY-7665 // PWY-7510 // PWY-6003 // PWY-6219 // PWY-1782 // PWY-5788 // PWY-5629 // PWY-5634
