pathways,path_prod,path_rec
1CMET2-PWY,TMP // SER // FORMYL-THF-GLU-N // AMMONIUM // CARBON-DIOXIDE // MET // ADP // Pi,DUMP // GLY // WATER // HOMO-CYS // N5-Formyl-THF-Glu-N // ATP
3-HYDROXYPHENYLACETATE-DEGRADATION-PWY,CARBON-DIOXIDE // SUC // NADPH // PYRUVATE // NADH // FAD,NADP // NAD // OXYGEN-MOLECULE // 4-HYDROXYPHENYLACETATE // FADH2
AEROBACTINSYN-PWY,AEROBACTIN // AMP // PPI // PROTON // NADP // WATER // CO-A,ATP // CIT // LYS // OXYGEN-MOLECULE // NADPH // ACETYL-COA
ALL-CHORISMATE-PWY,,
ANAEROFRUCAT-PWY,,
ANAGLYCOLYSIS-PWY,PYRUVATE // WATER // NADH,Glucopyranose // Pi // NAD
ARG+POLYAMINE-SYN,,
ARGDEG-PWY,,
ARGSYN-PWY,GLT // ADP // Pi // PROTON // ARG // FUM // PPI // AMP,ATP // GLN // HCO3 // WATER // L-ORNITHINE // L-ASPARTATE
ARGSYNBSUB-PWY,CO-A // ADP // Pi // NADP // 2-KETOGLUTARATE // ARG // FUM // PPI // AMP,ACETYL-COA // ATP // GLN // HCO3 // WATER // NADPH // L-ASPARTATE
ARO-PWY,,
ASPASN-PWY,L-ASPARTATE,FUM // ASN // WATER
AST-PWY,GLT // SUC // NADH // AMMONIUM // CARBON-DIOXIDE // CO-A,WATER // NAD // 2-KETOGLUTARATE // ARG // SUC-COA
BIOTIN-BIOSYNTHESIS-PWY,,
BRANCHED-CHAIN-AA-SYN-PWY,,
CALVIN-PWY,ADP // Pi // NADP,ATP // WATER // NADPH // CARBON-DIOXIDE
CATECHOL-ORTHO-CLEAVAGE-PWY,3-KETO-ADIPATE,WATER // CATECHOL // OXYGEN-MOLECULE
CENTFERM-PWY,NAD // Reduced-ferredoxins // WATER // CARBON-DIOXIDE // BUTYRIC_ACID // ATP,NADH // Oxidized-ferredoxins // PYRUVATE // ADP // Pi
CHLOROPHYLL-SYN,NADP // DIVINYLCHLOROPHYLLIDE-A // CARBON-DIOXIDE // ADENOSYL-HOMO-CYS // Pi // ADP // HYDROGEN-PEROXIDE,NADPH // Light // OXYGEN-MOLECULE // S-ADENOSYLMETHIONINE // ATP // MG+2 // UROPORPHYRINOGEN-III
COA-PWY,PPI // CMP // CARBON-DIOXIDE // CO-A // ADP,4-P-PANTOTHENATE // CYS // CTP // ATP
COBALSYN-PWY,GMP // ADENOSYLCOBALAMIN // Pi // NIACINE // ADP // PPI,WATER // NICOTINATE_NUCLEOTIDE // DIMETHYLBENZIMIDAZOLE // ADENOSYLCOBINAMIDE // ATP // GTP
CODH-PWY,NAD // WATER // NADP // ADP // Pi // ACETYL-COA,NADH // CARBON-DIOXIDE // NADPH // ATP // CO-A
COLANSYN-PWY,CPD-14553,CPD-12575
COMPLETE-ARO-PWY,,
CRNFORCAT-PWY,GLY // FORMALDEHYDE // HYDROGEN-PEROXIDE // ETF-Reduced // UREA,OXYGEN-MOLECULE // WATER // ETF-Oxidized // PROTON // CREATININE
DAPLYSINESYN-PWY,NAD-P-OR-NOP // ADP // Pi // NADP // CO-A // 2-KETOGLUTARATE // SUC // LYS // CARBON-DIOXIDE,NADH-P-OR-NOP // L-ASPARTATE // ATP // NADPH // PYRUVATE // SUC-COA // GLT
DENITRIFICATION-PWY,ETR-Quinones // WATER // Oxidized-cytochromes-c551 // Cytochromes-C-Oxidized // NITROGEN-MOLECULE,ETR-Quinols // Reduced-cytochromes-c551 // PROTON // Cytochromes-C-Reduced
DENOVOPURINE2-PWY,,
DHGLUCONATE-PYR-CAT-PWY,Ubiquinols // Donor-H2 // CPD-2961 // NAD-P-OR-NOP // ADP,Ubiquinones // Glucopyranose // WATER // Acceptor // NADH-P-OR-NOP // ATP
DTDPRHAMSYN-PWY,WATER // PPI // DTDP-RHAMNOSE // NADP,TTP // GLC-1-P // PROTON // NADPH
ECASYN-PWY,UMP // PROTON // TDP // UDP,UDP-N-ACETYL-D-GLUCOSAMINE // CPD-9646 // TDP-FUC4NAC // UDP-MANNACA
ENTBACSYN-PWY,ENTEROBACTIN // AMP // 3-5-ADP // PPI,Apo-EntF // CO-A // SER // ATP // 2-3-DIHYDROXYBENZOATE // Apo-EntB
FAO-PWY,ETF-Reduced // PPI // AMP // ACETYL-COA // NADH,WATER // CIS-DELTA3-ENOYL-COA // ETF-Oxidized // CPD66-39 // CO-A // ATP // D-3-HYDROXYACYL-COA // NAD
FASYN-ELONG-PWY,CARBON-DIOXIDE // ACP // NADP // NAD // WATER,MALONYL-ACP // PROTON // NADPH // NADH
FASYN-INITIAL-PWY,CO-A // Acetoacetyl-ACPs // CARBON-DIOXIDE,ACETYL-COA // MALONYL-ACP // PROTON
FERMENTATION-PWY,NAD // 2-KETOGLUTARATE // CARBON-DIOXIDE // NADPH // Menaquinones // SUC // HYDROGEN-MOLECULE // D-LACTATE // ATP // ETOH // ACET,NADH // NADP // Menaquinols // PHOSPHO-ENOL-PYRUVATE // HCO3 // ADP
FOLSYN-PWY,,
FUC-RHAMCAT-PWY,,
FUCCAT-PWY,PROTON // ADP // LACTALD // DIHYDROXY-ACETONE-PHOSPHATE,CPD0-1107 // ATP
GALACT-GLUCUROCAT-PWY,,
GALACTARDEG-PWY,2-PG // ADP // WATER // NAD-P-OR-NOP // PYRUVATE,ATP // D-GALACTARATE // NADH-P-OR-NOP
GALACTUROCAT-PWY,GAP // PYRUVATE // NAD // ADP // WATER,CPD-15633 // NADH // ATP
GALLATE-DEGRADATION-I-PWY,PROTON // PYRUVATE // OXALACETIC_ACID,CPD-183 // OXYGEN-MOLECULE
GALLATE-DEGRADATION-II-PWY,PYRUVATE // OXALACETIC_ACID // PROTON,WATER // CPD-183 // OXYGEN-MOLECULE
GLCMANNANAUT-PWY,,
GLUCARDEG-PWY,2-PG // ADP // WATER // NAD-P-OR-NOP // PYRUVATE,ATP // D-GLUCARATE // NADH-P-OR-NOP
GLUCARGALACTSUPER-PWY,,
GLUCONEO-PWY,D-glucopyranose-6-phosphate // CARBON-DIOXIDE // NADPH // Pi // AMP // ADP,MAL // DIHYDROXY-ACETONE-PHOSPHATE // NADP // WATER // ATP
GLUCOSE1PMETAB-PWY,Ubiquinols // D-glucopyranose-6-phosphate // ADP // PROTON // GLUCONATE // Pi,Ubiquinones // ATP // GLC-1-P // WATER
GLUCUROCAT-PWY,,
GLUTORN-PWY,L-ORNITHINE // ACET // 2-KETOGLUTARATE // NADP // Pi // ADP // CO-A,WATER // GLT // NADPH // ATP // ACETYL-COA
GLYCOCAT-PWY,D-glucopyranose-6-phosphate // ADP // PROTON,Pi // ATP // WATER // Glycogens
GLYCOGENSYNTH-PWY,PPI // Glycogens // ADP,D-glucopyranose-6-phosphate // PROTON // ATP
GLYCOL-GLYOXDEG-PWY,,
GLYCOLYSIS,AMP // NADH,D-glucopyranose-6-phosphate // NAD
GLYCOLYSIS-E-D,NADPH // PROTON // CPD-2961,D-glucopyranose-6-phosphate // NADP // WATER
GLYCOLYSIS-TCA-GLYOX-BYPASS,ACETYL-COA // CARBON-DIOXIDE // NADH,PYRUVATE // CO-A // NAD
GLYOXYLATE-BYPASS,NADH // PROTON // CO-A // SUC,NAD // ACETYL-COA
GOLPDLCAT-PWY,,
HCAMHPDEG-PWY,CPD-14447 // SUC,3-PHENYLPROPIONATE // OXYGEN-MOLECULE // 3-HYDROXYPHENYL-PROPIONATE
HEME-BIOSYNTHESIS-II,CARBON-DIOXIDE // WATER // PROTOHEME // HYDROGEN-PEROXIDE,OXYGEN-MOLECULE // FE+2 // UROPORPHYRINOGEN-III
HEMESYN2-PWY,Menaquinols // CARBON-DIOXIDE // MET // CH33ADO // PROTOHEME,Menaquinones // S-ADENOSYLMETHIONINE // UROPORPHYRINOGEN-III // FE+2
HEXITOLDEGSUPER-PWY,,
HISDEG-PWY,GLT // FORMAMIDE // AMMONIUM,WATER // HIS
HISTSYN-PWY,PPI // PROTON // AICAR // 2-KETOGLUTARATE // Pi // NADH // HIS,ATP // PRPP // GLN // NAD
HOMOSER-METSYN-PWY,PYRUVATE // AMMONIUM // MET // THF-GLU-N // SUC // PROTON // CPD-1301 // CO-A,WATER // 5-METHYL-THF-GLU-N // CYS // CPD-1302 // HOMO-SER // SUC-COA
HSERMETANA-PWY,MET // THF-GLU-N // CPD-1301,HOMO-CYS // 5-METHYL-THF-GLU-N // CPD-1302
ILEUSYN-PWY,AMMONIUM // CARBON-DIOXIDE // NADP // ILE // 2-KETOGLUTARATE,THR // PYRUVATE // NADPH // GLT
KDO-NAGLIPASYN-PWY,KDO2-LIPID-IVA-COLD // ACP // KDO2-LIPID-A,Myristoyl-ACPs // Palmitoleoyl-ACPs // KDO2-LIPID-IVA // Dodecanoyl-ACPs
KETOGLUCONMET-PWY,L-IDONATE // NADP // GLUCONATE // 5-DEHYDROGLUCONATE,NADPH // PROTON // 25-DIDEHYDRO-D-GLUCONATE
LACTOSECAT-PWY,DIHYDROXY-ACETONE-PHOSPHATE // GAP // Glucopyranose // PROTON // ADP,CPD-15973 // WATER // ATP
LEU-DEG2-PWY,ETF-Reduced // 3-KETOBUTYRATE // ACETYL-COA // ADP // Pi // CARBON-DIOXIDE // NADH // GLT,ETF-Oxidized // WATER // HCO3 // ATP // CO-A // NAD // LEU // 2-KETOGLUTARATE
LIPASYN-PWY,DIACYLGLYCEROL // INOSITOL-1-4-5-TRISPHOSPHATE // PROTON // PHOSPHORYL-CHOLINE // 2-Acylglycero-Phosphocholines // Fatty-Acids // 2-Lysophosphatidylcholines // L-PHOSPHATIDATE // CHOLINE,PHOSPHATIDYL-MYO-INOSITOL-45-BISPHOSPHA // WATER // PHOSPHATIDYLCHOLINE
LPSSYN-PWY,,
MET-SAM-PWY,,
METH-ACETATE-PWY,CARBON-DIOXIDE // Reduced-ferredoxins // Me-CoM // Pi // ADP,WATER // Oxidized-ferredoxins // CoM // ATP // ACET
METHGLYUT-PWY,,
METHYLGALLATE-DEGRADATION-PWY,PYRUVATE // CARBON-DIOXIDE // METOH,WATER // CPD-721 // OXYGEN-MOLECULE
NAD-BIOSYNTHESIS-II,NICOTINAMIDE_RIBOSE // Pi // AMP // PROTON,WATER // NADP
NADSYN-PWY,,
NAGLIPASYN-PWY,ACP // ACET // PROTON // UMP // LIPID-IV-A // ADP // UDP,UDP-N-ACETYL-D-GLUCOSAMINE // R-3-hydroxymyristoyl-ACPs // WATER // ATP
NONMEVIPP-PWY,Oxidized-flavodoxins // WATER // CPD-4211 // PPI // ADP // Oxidized-ferredoxins // CMP // NADP // CARBON-DIOXIDE,Reduced-flavodoxins // CTP // ATP // Reduced-ferredoxins // NADPH // PYRUVATE // GAP
NONOXIPENT-PWY,FRUCTOSE-6P,RIBULOSE-5P
OANTIGEN-PWY,UDP-D-GALACTO-14-FURANOSE,CPD-14553
ORNARGDEG-PWY,,
ORNDEG-PWY,CPD-6124 // WATER // CARBON-DIOXIDE // PUTRESCINE,4-AMINO-BUTYRALDEHYDE // PROTON // L-ORNITHINE
P101-PWY,Pi // NADP // ADP // ECTOINE // WATER // CO-A // 2-KETOGLUTARATE,NADPH // L-ASPARTATE // ATP // ACETYL-COA // GLT
P105-PWY,ETR-Quinols // NADH // CARBON-DIOXIDE // NADPH // CO-A,ETR-Quinones // NAD // NADP // ACETYL-COA
P108-PWY,NAD // PROPIONATE // Menaquinones // WATER,NADH // PROTON // PYRUVATE // Menaquinols
P122-PWY,NADPH // D-LACTATE // L-LACTATE // ETOH // CARBON-DIOXIDE // NADH-P-OR-NOP,Glucopyranose // NADP // BETA-D-FRUCTOSE // NAD-P-OR-NOP
P124-PWY,L-LACTATE // WATER // ACET,Glucopyranose // Pi
P125-PWY,,
P161-PWY,ETOH // ATP // ACET,ADP // Pi // ACETYLENE // WATER
P162-PWY,Reduced-ferredoxins // CARBON-DIOXIDE // BUTYRIC_ACID // AMMONIUM,Oxidized-ferredoxins // CO-A // GLT
P163-PWY,Reduced-ferredoxins // ATP // ACET // BUTYRIC_ACID // AMMONIUM // PROTON,Oxidized-ferredoxins // ADP // Pi // WATER // LYS
P164-PWY,Donor-H2 // ATP // ACET // AMMONIUM // Ox-Thioredoxin // CARBON-DIOXIDE // NADH,Acceptor // ADP // Pi // Red-Thioredoxin // PURINE // NAD // GUANINE
P184-PWY,PYRUVATE // CARBON-DIOXIDE // NADPH,NADP // WATER // OXYGEN-MOLECULE // 3-4-DIHYDROXYBENZOATE
P221-PWY,CPD-196 // AMP // PPI // Donor-H2,CPD-148 // OXYGEN-MOLECULE // ATP // CO-A // Acceptor
P23-PWY,Menaquinones // NAD // NADP // Pi // AMP // Oxidized-ferredoxins // ADP,Menaquinols // NADH // CARBON-DIOXIDE // NADPH // HCO3 // ATP // Reduced-ferredoxins
P241-PWY,CARBON-DIOXIDE // NADH // CO-A // CPD-1281 // ADP // Pi // Acceptor,NAD // 2-KETOGLUTARATE // ACETYL-COA // ATP // THR // HS // Donor-H2
P261-PWY,AMMONIUM // CoM // PYRUVATE // Acceptor // CARBON-DIOXIDE // NADH // Pi,PHOSPHO-ENOL-PYRUVATE // SO3 // Donor-H2 // CYS // NAD
P281-PWY,ACETYL-COA // CPD-633 // NADP // NADH // AMP // PPI,OXYGEN-MOLECULE // NADPH // NAD // 3-PHENYLPROPIONATE // ATP
P341-PWY,PYRUVATE // ATP // Reduced-ferredoxins // DIHYDROXY-ACETONE-PHOSPHATE,Pi // Glucopyranose // ADP // Oxidized-ferredoxins
P381-PWY,,
P4-PWY,,
P42-PWY,Menaquinones // NAD // 2-KETOGLUTARATE // Oxidized-ferredoxins // ADP // Pi // WATER,Menaquinols // NADH // CARBON-DIOXIDE // Reduced-ferredoxins // ATP // HCO3 // ACETYL-COA
P441-PWY,,
P461-PWY,,
P562-PWY,PROTON // NADH // ACETYL-COA // CARBON-DIOXIDE // DIHYDROXY-ACETONE-PHOSPHATE // ADP,MYO-INOSITOL // NAD // CO-A // ATP
P621-PWY,PROTON // ADIPATE // NADPH // GLT,WATER // Nylon-6 // CPD-3921 // NADP // 2-KETOGLUTARATE // CPD-883
PANTO-PWY,4-P-PANTOTHENATE // ADP // THF-GLU-N // NADP // PPI // AMP,ATP // METHYLENE-THF-GLU-N // 2-KETO-ISOVALERATE // WATER // NADPH // B-ALANINE
PANTOSYN-PWY,,
PENTOSE-P-PWY,,
PEPTIDOGLYCANSYN-PWY,UMP // PROTON // C6 // UDP,C1 // CPD-9646 // UDP-N-ACETYL-D-GLUCOSAMINE
PHOSLIPSYN-PWY,,
POLYAMINSYN3-PWY,PROTON // SPERMINE // 5-METHYLTHIOADENOSINE,SPERMIDINE // S-ADENOSYLMETHIONINAMINE
POLYAMSYN-PWY,,
POLYISOPRENSYN-PWY,,
PPGPPMET-PWY,ADP // PPI // AMP // PROTON // Pi,ATP // WATER
PROTOCATECHUATE-ORTHO-CLEAVAGE-PWY,CARBON-DIOXIDE // 3-KETO-ADIPATE,WATER // OXYGEN-MOLECULE // 3-4-DIHYDROXYBENZOATE
PRPP-PWY,,
PWY-1269,Pi // CMP-KDO // PPI,RIBULOSE-5P // WATER // PHOSPHO-ENOL-PYRUVATE // CTP
PWY-1361,FORMATE // SUC-COA // ACETYL-COA // NADH,CO-A // NAD // BENZOYLCOA // OXYGEN-MOLECULE
PWY-1501,BENZOATE // NADPH // NADH // CARBON-DIOXIDE // Donor-H2,WATER // NADP // NAD // Acceptor // CPD-121
PWY-1541,,
PWY-1622,NAD // ADP // PROPIONYL-COA // ETF-Reduced // NADP // NAD-P-OR-NOP // G3P // Pi,NADH // FORMALDEHYDE // ATP // ETF-Oxidized // NADPH // CARBON-DIOXIDE // NADH-P-OR-NOP // HCO3
PWY-181,AMMONIUM // CARBON-DIOXIDE // 2-KETOGLUTARATE // G3P // ADP // HYDROGEN-PEROXIDE // Pi,WATER // GLT // ATP // OXYGEN-MOLECULE // D-RIBULOSE-15-P2
PWY-1861,DIHYDROXY-ACETONE-PHOSPHATE // PROTON // ADP,ATP // FORMALDEHYDE
PWY-2941,NAD-P-OR-NOP // LYS // CARBON-DIOXIDE // ACET // 2-KETOGLUTARATE // CO-A // Pi // NADP // ADP,NADH-P-OR-NOP // GLT // ACETYL-COA // PYRUVATE // NADPH // L-ASPARTATE // ATP
PWY-2942,NAD-P-OR-NOP // NADP // LYS // CARBON-DIOXIDE // Pi // ADP,NADH-P-OR-NOP // AMMONIUM // NADPH // PYRUVATE // L-ASPARTATE // ATP
PWY-3001,,
PWY-3661,ETF-Reduced // PYRUVATE // AMMONIUM // FORMALDEHYDE // HYDROGEN-PEROXIDE // MET,ETF-Oxidized // PROTON // OXYGEN-MOLECULE // HOMO-CYS // BETAINE
PWY-3781,WATER // FUM // NAD,OXYGEN-MOLECULE // SUC // NADH
PWY-4361,2-KETOGLUTARATE // AMMONIUM // MET // PROTON // FORMATE // Pi,GLN // OXYGEN-MOLECULE // CPD-444
PWY-4722,AMMONIUM // GLY // FORMALDEHYDE // HYDROGEN-PEROXIDE // ETF-Reduced // CARBON-DIOXIDE // Pi // ADP,WATER // CREATININE // OXYGEN-MOLECULE // ETF-Oxidized // ATP
PWY-4984,ADP // Pi // PROTON // UREA // FUM // PPI // AMP,ATP // HCO3 // AMMONIUM // WATER // L-ASPARTATE
PWY-5005,,
PWY-5022,Reduced-ferredoxins // BUTYRIC_ACID // AMMONIUM,Oxidized-ferredoxins // 4-AMINO-BUTYRATE
PWY-5028,GLT // FORMATE // AMMONIUM,WATER // HIS
PWY-5088,,
PWY-5097,NAD-P-OR-NOP // LYS // CARBON-DIOXIDE // 2-KETOGLUTARATE // Pi // NADP // ADP,NADH-P-OR-NOP // GLT // PYRUVATE // NADPH // L-ASPARTATE // ATP
PWY-5100,,
PWY-5101,ILE // 2-KETOGLUTARATE // NAD-P-OR-NOP // CARBON-DIOXIDE // NADH // CO-A,GLT // NADH-P-OR-NOP // PYRUVATE // NAD // ACETYL-COA
PWY-5103,ILE // WATER // NADP // CARBON-DIOXIDE,PROTON // NADPH // PYRUVATE
PWY-5104,PPI // AMP // ILE // 2-KETOGLUTARATE // WATER // NAD-P-OR-NOP // Oxidized-ferredoxins,PROPIONATE // ATP // GLT // NADH-P-OR-NOP // PROTON // PYRUVATE // Reduced-ferredoxins
PWY-5121,,
PWY-5154,2-KETOGLUTARATE // NADP // Pi // ADP // CO-A // ACET // ARG // FUM // PPI // AMP,NADPH // ATP // ACETYL-COA // WATER // GLN // HCO3 // L-ASPARTATE
PWY-5177,NADH // ACETYL-COA // CARBON-DIOXIDE // ETF-Reduced,WATER // NAD // CO-A // GLUTARYL-COA // ETF-Oxidized
PWY-5178,,
PWY-5180,,
PWY-5181,,
PWY-5182,,
PWY-5183,,
PWY-5188,PPI // AMP // NADP // AMMONIUM // UROPORPHYRINOGEN-III,GLT // ATP // NADPH
PWY-5189,UROPORPHYRINOGEN-III // AMMONIUM // CARBON-DIOXIDE // CO-A,GLY // SUC-COA
PWY-5198,CPD-10333 // FMN // CH33ADO // MET // AMMONIUM // CPD-12279 // METHENYLTETRAHYDROMETHANOPTERIN // Reduced-Factor-F420 // GMP // PPI,FMNH2 // S-ADENOSYLMETHIONINE // AMINO-RIBOSYLAMINO-1H-3H-PYR-DIONE // TYR // METHYLENETETRAHYDROMETHANOPTERIN // Oxidized-Factor-F420 // PHOSPHO-ENOL-PYRUVATE // GTP
PWY-5265,GLT // CPD-12298 // ADP // Pi // PROTON // UNDECAPRENYL-DIPHOSPHATE // CPD-12230 // D-ALANINE // UDP // UMP,GLN // ATP // WATER // CPD-12297 // UDP-N-ACETYL-D-GLUCOSAMINE // C3 // CPD-9646
PWY-5304,,
PWY-5345,,
PWY-5347,,
PWY-5384,FRUCTOSE-6P // PROTON // ADP,ATP // SUCROSE // Pi
PWY-5415,,
PWY-5417,,
PWY-5419,NADH // CPD-14447 // CARBON-DIOXIDE,WATER // NAD // CATECHOL // OXYGEN-MOLECULE
PWY-5420,,
PWY-5427,CPD-110 // PYRUVATE,WATER // OXYGEN-MOLECULE // NAPHTHALENE
PWY-5430,,
PWY-5431,,
PWY-5484,AMP // NADH,NAD
PWY-5505,,
PWY-5507,,
PWY-5509,NIACINE // PROTON // ADENOSYLCOBALAMIN // Pi // GMP,NICOTINATE_NUCLEOTIDE // DIMETHYLBENZIMIDAZOLE // WATER // ADENOSYLCOBINAMIDE-GDP
PWY-5529,,
PWY-5531,DIVINYLCHLOROPHYLLIDE-A // Oxidized-ferredoxins // ADP // Pi // CARBON-DIOXIDE // MET // CH33ADO // Menaquinols // ADENOSYL-HOMO-CYS,Reduced-ferredoxins // ATP // WATER // S-ADENOSYLMETHIONINE // Menaquinones // MG+2 // UROPORPHYRINOGEN-III
PWY-5532,URACIL // CYTOSINE // PROTON // ADENINE // GUANINE // G3P,UMP // Pi // CYTIDINE // ATP // URIDINE // ADENOSINE // GUANOSINE // CARBON-DIOXIDE // WATER
PWY-5647,CPD-14447 // CARBON-DIOXIDE // 2-AMINO-MUCONATE // NADH // NADP,CPD-8742 // NAD // OXYGEN-MOLECULE // CPD-9168 // NADPH
PWY-5651,2-AMINO-3-3-OXOPROP-2-ENYL-BUT-2-ENEDI // L-ALPHA-ALANINE // NADP // FORMATE,TRP // OXYGEN-MOLECULE // NADPH
PWY-5654,AMMONIUM // CPD-14447 // CARBON-DIOXIDE // NADH,WATER // NAD // 2-AMINO-3-3-OXOPROP-2-ENYL-BUT-2-ENEDI
PWY-5655,,
PWY-5659,GDP-MANNOSE // PPI,D-glucopyranose-6-phosphate // PROTON // GTP
PWY-5667,NAD-P-OR-NOP // CO-A // CDPDIACYLGLYCEROL // PPI,DIHYDROXY-ACETONE-PHOSPHATE // NADH-P-OR-NOP // PROTON // ACYL-COA // CTP
PWY-5676,NAD // Reduced-ferredoxins // NADP // BUTYRIC_ACID // WATER // CO-A,NADH // Oxidized-ferredoxins // NADPH // PROTON // ACET
PWY-5677,NAD // Reduced-ferredoxins // WATER // NADP // CO-A // BUTYRIC_ACID,NADH // Oxidized-ferredoxins // PROTON // NADPH // SUC
PWY-5686,ETR-Quinols // CARBON-DIOXIDE // UMP // PPI // Pi // GLT // ADP,ETR-Quinones // PRPP // L-ASPARTATE // ATP // GLN // HCO3
PWY-5695,URATE // NADH // PROTON // RIBOSE-1P,NAD // WATER // IMP
PWY-5705,UREA // GLYOX,CPD-1091
PWY-5741,MAL // CO-A // ATP // NADP // PROPIONYL-COA // ETF-Reduced,Pi // ADP // ACETYL-COA // NADPH // PROTON // ETF-Oxidized // CARBON-DIOXIDE
PWY-5747,SUC // PYRUVATE // PROTON // PPI // AMP,OXALACETIC_ACID // PROPIONATE // ATP
PWY-5823,,
PWY-5837,DIHYDROXYNAPHTHOATE // PYRUVATE // CARBON-DIOXIDE // AMP // PPI,2-KETOGLUTARATE // CHORISMATE // ATP
PWY-5838,,
PWY-5840,,
PWY-5845,,
PWY-5850,,
PWY-5855,CPD-9955 // ADENOSYL-HOMO-CYS // WATER // NADP // CARBON-DIOXIDE // PPI // Acceptor,S-ADENOSYLMETHIONINE // OXYGEN-MOLECULE // NADPH // ALL-TRANS-HEPTAPRENYL-DIPHOSPHATE // 4-hydroxybenzoate // Donor-H2
PWY-5856,PPI // WATER // Acceptor // ADENOSYL-HOMO-CYS // CPD-9957 // CARBON-DIOXIDE // NADP,CPD-21340 // 4-hydroxybenzoate // OXYGEN-MOLECULE // Donor-H2 // S-ADENOSYLMETHIONINE // NADPH
PWY-5857,WATER // NADP // CARBON-DIOXIDE // PPI // CPD-9958 // ADENOSYL-HOMO-CYS // Acceptor,OXYGEN-MOLECULE // NADPH // CPD-9610 // 4-hydroxybenzoate // S-ADENOSYLMETHIONINE // Donor-H2
PWY-5860,,
PWY-5861,,
PWY-5862,,
PWY-5863,CPD-18334 // Donor-H2,DIHYDROXYNAPHTHOATE // Acceptor
PWY-5896,,
PWY-5897,,
PWY-5898,,
PWY-5899,,
PWY-5910,,
PWY-5913,ETR-Quinones // SUC // 2-KETOGLUTARATE // CARBON-DIOXIDE // NADPH // Pi // CO-A // PROTON,ETR-Quinols // NADP // PHOSPHO-ENOL-PYRUVATE // HCO3 // ACETYL-COA
PWY-5918,,
PWY-5920,,
PWY-5941,D-glucopyranose-6-phosphate // ADP // PROTON,ATP // WATER // Pi // Glycogens
PWY-5971,LAUROYLCOA-CPD // PPI // AMP // PALMITYL-COA // ACP // NAD // NADP // CARBON-DIOXIDE,CO-A // ATP // NADH // NADPH // MALONYL-ACP // Acetoacetyl-ACPs
PWY-5973,NAD // NADP // CARBON-DIOXIDE // ACP // CPD-9247,NADH // NADPH // Palmitoleoyl-ACPs // MALONYL-ACP
PWY-5989,STEAROYL-COA // AMP // PPI // ACP // NAD // NADP // CARBON-DIOXIDE,CO-A // ATP // NADH // NADPH // Palmitoyl-ACPs // MALONYL-ACP
PWY-6071,,
PWY-6107,CARBON-DIOXIDE // NAD // CPD-10640 // CL- // 3-KETO-ADIPATE // NAD-P-OR-NOP,CPD-10663 // OXYGEN-MOLECULE // NADH // NADH-P-OR-NOP // CPD-10576
PWY-6121,PROTON // ADP // Pi // 5-PHOSPHORIBOSYL-5-AMINOIMIDAZOLE // GLT // THF-GLU-N // PPI,ATP // GLN // WATER // FORMYL-THF-GLU-N // GLY // PRPP
PWY-6122,PROTON // ADP // Pi // 5-PHOSPHORIBOSYL-5-AMINOIMIDAZOLE // GLT // PPI,FORMATE // ATP // GLN // WATER // GLY // PRPP
PWY-6123,PROTON // ADP // Pi // IMP // WATER // THF-GLU-N // FUM,5-PHOSPHORIBOSYL-5-AMINOIMIDAZOLE // ATP // HCO3 // FORMYL-THF-GLU-N // L-ASPARTATE
PWY-6125,,
PWY-6126,,
PWY-6143,2-KETOGLUTARATE // PROTON // CO-A // UDP // Pi // CPD-10755 // PPI,UDP-N-ACETYL-D-GLUCOSAMINE // GLT // ACETYL-COA // PHOSPHO-ENOL-PYRUVATE // CTP
PWY-6147,PROTON // FORMATE // PPI // Pi // GLYCOLALDEHYDE // DIHYDROPTERIN-CH2OH-PP // AMP,GTP // WATER // ATP
PWY-6151,S-ADENOSYLMETHIONINE // Pi // PPI // CPD-1301 // DIHYDROXYPENTANEDIONE // ADENINE,ATP // WATER // CPD-1302 // ADENOSYL-HOMO-CYS
PWY-6163,WATER // NADP // ADP // Pi // CHORISMATE,DEHYDROQUINATE // NADPH // ATP // PHOSPHO-ENOL-PYRUVATE
PWY-6165,,
PWY-6182,,
PWY-6185,CPD-9407 // ACETYL-COA // SUC,CO-A // SUC-COA // WATER // 4-METHYLCATECHOL // OXYGEN-MOLECULE
PWY-621,ADP // PROTON // FRUCTOSE-6P,SUCROSE // WATER // ATP
PWY-6210,AMMONIUM // CPD-14447 // CARBON-DIOXIDE // NADH,WATER // 2-AMINOPHENOL // OXYGEN-MOLECULE // NAD
PWY-6263,,
PWY-6269,ADENOSYLCOBALAMIN // Pi // GMP // 1-AMINO-PROPAN-2-OL // ADP // NIACINE // PPI,WATER // ADENOSYLCOBINAMIDE // ATP // R-1-AMINOPROPAN-2-YL-PHOSPHATE // NICOTINATE_NUCLEOTIDE // DIMETHYLBENZIMIDAZOLE // GTP
PWY-6277,PROTON // ADP // Pi // 5-PHOSPHORIBOSYL-5-AMINOIMIDAZOLE // GLT // PPI,FORMATE // ATP // GLN // WATER // GLY // PRPP
PWY-6282,CPD-9245 // ACP // CARBON-DIOXIDE // NADP // NAD,Cis-Delta5-dodecenoyl-ACPs // MALONYL-ACP // NADPH // NADH
PWY-6317,D-glucopyranose-6-phosphate // PROTON // ADP,GALACTOSE // ATP
PWY-6338,,
PWY-6339,CPD-12849 // PYRUVATE // CARBON-DIOXIDE // METOH // CPD-183 // 5-METHYL-THF-GLU-N,OXALACETIC_ACID // OXYGEN-MOLECULE // WATER // THF-GLU-N // CPD-8486
PWY-6353,,
PWY-6383,CPD-11994 // Pi // PROTON // PPI,WATER // DELTA3-ISOPENTENYL-PP
PWY-6385,UNDECAPRENYL-DIPHOSPHATE // PROTON // CPD-11984 // CPD-12000 // D-ALANINE // CPD-11999 // UDP // UMP,WATER // UDP-N-ACETYL-D-GLUCOSAMINE // C1 // CPD-11994
PWY-6386,C3 // Pi // ADP // NADP,ATP // LYS // D-ALANINE // GLT // L-ALPHA-ALANINE // NADPH // UDP-N-ACETYL-D-GLUCOSAMINE // PHOSPHO-ENOL-PYRUVATE
PWY-6387,Pi // ADP // C1 // NADP,D-ALANINE // ATP // MESO-DIAMINOPIMELATE // GLT // L-ALPHA-ALANINE // NADPH // UDP-N-ACETYL-D-GLUCOSAMINE // PHOSPHO-ENOL-PYRUVATE
PWY-6396,,
PWY-6397,CPD-12061 // CPD1G-1531 // TREHALOSE // NAD // FADH2 // Pi // PPI // UDP // TDP // UMP,Mycobacterial-Arabinogalactans // CPD1G-1344 // NADH // FAD // WATER // PRPP // CPD-12575 // DTDP-RHAMNOSE // UDP-N-ACETYL-D-GLUCOSAMINE
PWY-6467,CPD-12285 // CMP // PROTON // CPD-12284,CMP-KDO // KDO2-LIPID-IVA
PWY-6470,UNDECAPRENYL-DIPHOSPHATE // CPD-12309 // D-ALANINE // ADP // Pi // UDP // UMP,CPD-7695 // AMMONIUM // CPD-302 // ATP // UDP-N-ACETYL-D-GLUCOSAMINE // CPD-9646 // C3
PWY-6471,GLT // CPD-12298 // ADP // Pi // UNDECAPRENYL-DIPHOSPHATE // CPD-12311 // D-ALANINE // UDP // UMP,GLN // ATP // WATER // CPD-12295 // UDP-N-ACETYL-D-GLUCOSAMINE // C3 // CPD-9646
PWY-6478,CPD-12336 // PPI // Pi // ADP,GTP // WATER // ATP // D-SEDOHEPTULOSE-7-P
PWY-6505,2-AMINO-3-3-OXOPROP-2-ENYL-BUT-2-ENEDI,3-HYDROXY-ANTHRANILATE // OXYGEN-MOLECULE
PWY-6507,GAP // PYRUVATE // ADP // NAD,CPD-13122 // ATP // NADH
PWY-6519,8-AMINO-7-OXONONANOATE // CARBON-DIOXIDE // ACP // ADENOSYL-HOMO-CYS // NADP // NAD // METOH,L-ALPHA-ALANINE // MALONYL-ACP // S-ADENOSYLMETHIONINE // NADPH // NADH
PWY-6545,Pi // Ox-Thioredoxin // DCTP // ADP // PPI // TTP // THF-GLU-N // NADP,CTP // Red-Thioredoxin // ATP // UDP // METHYLENE-THF-GLU-N // NADPH
PWY-6562,2-KETOGLUTARATE // CARBON-DIOXIDE // NORSPERMIDINE // NADP // WATER // Pi // ADP,GLT // PROTON // NADPH // L-ASPARTATE // ATP
PWY-6572,CPD-13122 // N-acetyl-D-galactosamine // CPD-12565 // PROTON // SULFATE,WATER
PWY-6581,Donor-H2 // CPD-12617 // Oxidized-ferredoxins // ADENOSYL-HOMO-CYS,NEUROSPORENE // Acceptor // Reduced-ferredoxins // OXYGEN-MOLECULE // S-ADENOSYLMETHIONINE
PWY-6588,BUTYRYL-COA // ACETONE // CARBON-DIOXIDE // Reduced-ferredoxins,ACET // BUTYRIC_ACID // PYRUVATE // Oxidized-ferredoxins
PWY-6590,,
PWY-6608,RIBOSE-1P // URATE // NADH // AMMONIUM,NAD // WATER // GMP
PWY-6609,IMP // PPI // AMMONIUM,PRPP // WATER // PROTON // ADENINE
PWY-6612,,
PWY-6628,,
PWY-6629,,
PWY-6630,,
PWY-6641,,
PWY-6690,CPD-14447 // FUM,CPD-10797 // OXYGEN-MOLECULE // CPD-674
PWY-6700,tRNAs-with-queuine // Acceptor // WATER // ADENINE // MET // GUANINE // NADP,Donor-H2 // S-ADENOSYLMETHIONINE // Guanine34-in-tRNAs // 7-CYANO-7-DEAZAGUANINE // NADPH
PWY-6703,7-CYANO-7-DEAZAGUANINE // ADP // Pi // ACETALD // P3I // FORMATE,ATP // GTP
PWY-6708,PPI // CARBON-DIOXIDE // WATER // NADP // ADENOSYL-HOMO-CYS // CPD-9956 // Acceptor,OCTAPRENYL-DIPHOSPHATE // 4-hydroxybenzoate // OXYGEN-MOLECULE // NADPH // S-ADENOSYLMETHIONINE // Donor-H2
PWY-6713,L-LACTATE // NADH // PROTON // NADPH // NADH-P-OR-NOP // PYRUVATE,NAD // NADP // NAD-P-OR-NOP // L-rhamnopyranose
PWY-6728,CO-A // ETR-Quinols // CARBON-DIOXIDE // NADPH,ACETYL-COA // ETR-Quinones // NADP // HCO3
PWY-6731,D-glucopyranose-6-phosphate,Starch // Pi // WATER
PWY-6737,D-glucopyranose-6-phosphate // Glucopyranose,Pi // Starch // WATER
PWY-6749,CPD-13167 // PPI // Pi // GDP // CO-A // 2-KETOGLUTARATE,CTP // PHOSPHO-ENOL-PYRUVATE // ACETYL-COA // GTP // FRUCTOSE-6P // GLN
PWY-6876,ISO-PROPANOL // NADP // CARBON-DIOXIDE // Reduced-ferredoxins,NADPH // WATER // PYRUVATE // Oxidized-ferredoxins
PWY-6891,L-ALPHA-ALANINE // AMP // Acceptor // PPI // CARBON-DIOXIDE // WATER // HYDROGEN-PEROXIDE // CPD-13576,CYS // Donor-H2 // ATP // PYRUVATE // GAP // GLY // OXYGEN-MOLECULE
PWY-6892,L-ALPHA-ALANINE // CPD-108 // CH33ADO // MET // NADP // PPI // AMP // Oxidized-ferredoxins // CARBON-DIOXIDE // CPD-13575 // WATER,CYS // S-ADENOSYLMETHIONINE // TYR // NADPH // ATP // Reduced-ferredoxins // PYRUVATE // GAP
PWY-6895,,
PWY-6897,THIAMINE-PYROPHOSPHATE // ADP // PPI,ATP // AMINO-HYDROXYMETHYL-METHYLPYRIMIDINE-PP // THZ
PWY-6901,FRUCTOSE-6P // D-LACTATE // L-LACTATE // ATP // WATER,ERYTHROSE-4P // XYLULOSE-5-PHOSPHATE // ADP // Pi
PWY-6906,D-GLUCOSAMINE-6-P // ADP // PROTON // FRUCTOSE-6P // AMMONIUM // ACET,ATP // CPD-15993 // WATER // CPD-13469 // Pi
PWY-6944,SUC-COA // PROPIONYL-COA // ACETYL-COA // NADH // ETF-Reduced // Donor-H2 // NADP // AMP // PPI // PYRUVATE // FMN // Oxidized-ferredoxins,CO-A // NAD // ETF-Oxidized // Acceptor // NADPH // ATP // OXYGEN-MOLECULE // FMNH2 // ANDROST4ENE // Reduced-ferredoxins
PWY-6956,,
PWY-6957,,
PWY-6969,ETR-Quinols // NADH // PROTON // ATP // CARBON-DIOXIDE // Reduced-ferredoxins // NADPH,ETR-Quinones // NAD // ADP // Pi // Oxidized-ferredoxins // NADP // ACETYL-COA
PWY-6992,D-glucopyranose-6-phosphate // ADP // Ox-NADPH-Hemoprotein-Reductases // WATER // NAD-P-OR-NOP,ATP // Red-NADPH-Hemoprotein-Reductases // OXYGEN-MOLECULE // 15-ANHYDRO-D-FRUCTOSE // NADH-P-OR-NOP
PWY-7003,PYRUVATE // ATP // WATER // NADH,ADP // Pi // NAD // DIHYDROXY-ACETONE-PHOSPHATE
PWY-7007,HYDROGEN-PEROXIDE // Methylketones // CARBON-DIOXIDE // NADH // ACYL-COA // AMP // PPI,Saturated-Fatty-Acyl-CoA // OXYGEN-MOLECULE // WATER // NAD // Fatty-Acids // ATP
PWY-7013,PROPIONATE // ATP // PROPANOL // WATER,ADP // Pi // PROPANE-1-2-DIOL
PWY-7031,Protein-heptasaccharide-L-asn // CPD-12461 // PROTON // UDP // UMP,Protein-L-Asparagine // CPD-12575 // CPD-14795 // CPD-17820 // CPD-14248
PWY-7046,BENZOYLCOA // Oxidized-2-4Fe-4S-Ferredoxins // PPI // AMP // NADH-P-OR-NOP // ACETYL-COA,Reduced-2-4Fe-4S-Ferredoxins // CO-A // ATP // NAD-P-OR-NOP // COUMARATE
PWY-7090,NADH // PROTON // 2-KETOGLUTARATE // CO-A // CPD-10314,NAD // GLT // ACETYL-COA // UDP-N-ACETYL-D-GLUCOSAMINE // WATER
PWY-7094,ETF-Reduced // 3-oxo-decanoyl-ACPs // CARBON-DIOXIDE // NADH // ACETYL-COA // AMP // PPI,ETF-Oxidized // MALONYL-ACP // NAD // WATER // CPD-3617 // ATP
PWY-7097,NADH // PROTON // 3-4-DIHYDROXYBENZOATE // 5-METHYL-THF-GLU-N,VANILLIN // WATER // NAD // THF-GLU-N
PWY-7098,3-4-DIHYDROXYBENZOATE // FORMALDEHYDE,OXYGEN-MOLECULE // VANILLIN
PWY-7111,ISOBUTANOL // NAD // CARBON-DIOXIDE // WATER // NADP,PROTON // NADH // NADPH // PYRUVATE
PWY-7159,DIVINYLCHLOROPHYLLIDE-A // Oxidized-ferredoxins // ADP // Pi // NADP // CARBON-DIOXIDE // ADENOSYL-HOMO-CYS // HYDROGEN-PEROXIDE,Reduced-ferredoxins // ATP // OXYGEN-MOLECULE // NADPH // S-ADENOSYLMETHIONINE // MG+2 // UROPORPHYRINOGEN-III
PWY-7184,DIHYDROFOLATE-GLU-N // PROTON // Pi // Ox-Thioredoxin // TTP // ADP // PPI // DCTP,METHYLENE-THF-GLU-N // CTP // Red-Thioredoxin // UDP // ATP
PWY-7187,DIHYDROFOLATE-GLU-N // CARBON-DIOXIDE // TTP // ADP // PPI // AMMONIUM,METHYLENE-THF-GLU-N // FORMATE // CTP // UTP // ATP
PWY-7196,,
PWY-7197,DCTP // ADP // TTP,ATP // DCMP // TMP
PWY-7198,DIHYDROFOLATE-GLU-N // PPI // AMMONIUM // PROTON // Pi // Ox-Thioredoxin // TTP // ADP,METHYLENE-THF-GLU-N // CTP // Red-Thioredoxin // ATP
PWY-7199,TMP // DIHYDROFOLATE-GLU-N // DCMP // Nucleoside-Diphosphates // ADP // AMMONIUM,METHYLENE-THF-GLU-N // DEOXYCYTIDINE // Nucleoside-Triphosphates // THYMIDINE // ATP // WATER
PWY-7200,,
PWY-7208,,
PWY-7209,,
PWY-7210,DIHYDROFOLATE-GLU-N // AMMONIUM // Pi // Ox-Thioredoxin // TTP // ADP // DCTP,METHYLENE-THF-GLU-N // CTP // Red-Thioredoxin // ATP
PWY-7211,,
PWY-7219,ADP // FUM // PROTON // Pi // GDP,ATP // L-ASPARTATE // IMP // GTP
PWY-722,FORMATE // Reduced-cytochromes // NAD // CARBON-DIOXIDE // FUM // AMMONIUM,NIACINE // Oxidized-cytochromes // NADH // OXYGEN-MOLECULE
PWY-7220,CARBON-DIOXIDE // DATP // WATER // Oxidized-NrdH-Proteins // Ox-Thioredoxin,FORMATE // ATP // PROTON // Reduced-NrdH-Proteins // Red-Thioredoxin
PWY-7221,GTP // ADP // PROTON // GLT // PPI // AMP // NADH,ATP // WATER // GLN // IMP // NAD
PWY-7222,DGTP // ADP // Oxidized-NrdH-Proteins // WATER // CARBON-DIOXIDE // Ox-Thioredoxin,ATP // GDP // Reduced-NrdH-Proteins // FORMATE // GTP // PROTON // Red-Thioredoxin
PWY-7228,,
PWY-7229,,
PWY-7234,ADP // Pi // PROTON // IMP // WATER // FUM,FORMATE // ATP // 5-PHOSPHORIBOSYL-5-AMINOIMIDAZOLE // HCO3 // L-ASPARTATE
PWY-7237,CPD-14808 // NADH // PROTON,MYO-INOSITOL // NAD // CPD-8052 // CPD-8050
PWY-7242,GAP // PYRUVATE // ADP // WATER // NAD,ATP // FRUCTURONATE // NADH
PWY-7254,CARBON-DIOXIDE // Reduced-ferredoxins // PROTON // ETR-Quinols // NADPH,Oxidized-ferredoxins // ETR-Quinones // ACET // NADP
PWY-7255,Acceptor // PYRUVATE // AMMONIUM // Ergothioneine-Thione // ADP // Pi // PROTON // ADENOSYL-HOMO-CYS,Donor-H2 // CYS // ATP // S-ADENOSYLMETHIONINE // HIS // OXYGEN-MOLECULE
PWY-7295,PROTON // MAL // CO-A // NADH // Donor-H2 // PYRUVATE // NADH-P-OR-NOP,L-arabinopyranose // ACETYL-COA // NAD // Acceptor // NAD-P-OR-NOP
PWY-7315,WATER // PPI // 2-KETOGLUTARATE // TDP-FUC4NAC // CO-A,TTP // GLC-1-P // GLT // ACETYL-COA
PWY-7323,,
PWY-7328,UDP-D-GALACTO-14-FURANOSE,CPD-12575
PWY-7332,CPD-15673 // WATER // CPD-15670 // CPD-10750,CPD-10314 // AMMONIUM // CPD-15644 // UDP-N-ACETYL-D-GLUCOSAMINE
PWY-7347,SUCROSE // Pi // UDP // PROTON,D-glucopyranose-6-phosphate // WATER // CPD-12575
PWY-7371,MET // HCO3 // PROTON // ADENINE // CPD-11420 // UNKNOWN // CH33ADO,S-ADENOSYLMETHIONINE // CHORISMATE
PWY-7373,,
PWY-7374,MET // HCO3 // AMMONIUM // CPD-11420 // UNKNOWN // CH33ADO // HYPOXANTHINE,S-ADENOSYLMETHIONINE // CHORISMATE
PWY-7376,ADENOSYL-HOMO-CYS // CARBON-DIOXIDE // CPD-689 // ADP // Pi // GLT // NADP // ACET // NAD,S-ADENOSYLMETHIONINE // CO+2 // ATP // GLN // NADPH // OXYGEN-MOLECULE // NADH // UROPORPHYRINOGEN-III
PWY-7377,Acceptor // ADENOSYL-HOMO-CYS // CARBON-DIOXIDE // CPD-689 // GLT // ADP // Pi // ACETALD,Donor-H2 // S-ADENOSYLMETHIONINE // CO+2 // UROPORPHYRINOGEN-III // GLN // ATP // WATER
PWY-7391,CPD-9436 // PPI // CARBON-DIOXIDE // ADP // Pi // NADP // CO-A,ATP // NADPH // WATER // ACETYL-COA
PWY-7392,PPI // TAXA-411-DIENE,GERANYLGERANYL-PP
PWY-7400,2-KETOGLUTARATE // NADP // Pi // ADP // ARG // FUM // PPI // AMP,WATER // NADPH // ATP // GLN // HCO3 // L-ASPARTATE
PWY-7431,METHYLAMINE // PROTON // CPD-782 // FAD // Donor-H2 // AMMONIUM // NADH // HYDROGEN-PEROXIDE,1-4-HYDROXYPHENYL-2-METHYLAMINOETHAN // OXYGEN-MOLECULE // FADH2 // TYRAMINE // Acceptor // CPD-58 // NAD // DOPAMINE
PWY-7446,CPD-21685 // GLYCEROL // ADP // 2-3-dihydroxypropane-1-sulfonate // NAD // DIHYDROXY-ACETONE-PHOSPHATE,CPD-19111 // WATER // CPD-10247 // ATP // NADH
PWY-7456,FRUCTOSE-6P // Glucopyranose,1-4-Mannan // WATER // Pi
PWY-7527,,
PWY-7539,PROTON // PPI // FORMATE // Pi // GLYCOLALDEHYDE // DIHYDROPTERIN-CH2OH-PP // AMP,GTP // ATP
PWY-7560,CPD-4211 // PPI // ADP // Oxidized-ferredoxins // WATER // CMP // NADP // CARBON-DIOXIDE,CTP // ATP // Reduced-ferredoxins // NADPH // PYRUVATE // GAP
PWY-7616,PROTON // NADH // CARBON-DIOXIDE // Reduced-hydrogenase-3,METOH // NAD // Oxidized-hydrogenase-3 // WATER
PWY-7644,SULFATE // PROTON // CPD-13122 // GLUCOSAMINE,HEPARIN // WATER
PWY-7663,11Z-icos-11-enoyl-ACPs // NAD // WATER // NADP // ACP // CARBON-DIOXIDE,NADH // PROTON // NADPH // Oleoyl-ACPs // MALONYL-ACP
PWY-7664,WATER // Oleoyl-ACPs // NAD // NADP // ACP // CARBON-DIOXIDE,R-3-hydroxydodecanoyl-ACPs // NADH // PROTON // NADPH // MALONYL-ACP
PWY-841,,
PWY-922,CPD-4211 // CARBON-DIOXIDE // ADP // Pi // NADP // CO-A,ATP // NADPH // WATER // ACETYL-COA
PWY0-1061,,
PWY0-1241,ADP-L-GLYCERO-D-MANNO-HEPTOSE // Pi // PPI // ADP,D-SEDOHEPTULOSE-7-P // WATER // ATP
PWY0-1261,NADP // Pi // UDP-AAGM-DIAMINOHEPTANEDIOATE // ADP // D-ALANINE // PPI // CO-A // ACET // N-ACETYL-D-GLUCOSAMINE // D-LACTATE,NADPH // PHOSPHO-ENOL-PYRUVATE // ATP // WATER // UTP // ACETYL-COA // CPD0-1080
PWY0-1277,,
PWY0-1296,RIBOSE-5P // GUANINE // HYPOXANTHINE // AMMONIUM // ADENINE // XANTHINE,GUANOSINE // Pi // ADENOSINE // WATER // PROTON // XANTHOSINE
PWY0-1297,,
PWY0-1298,,
PWY0-1319,ACP // NAD-P-OR-NOP // CDPDIACYLGLYCEROL // PPI,ACYL-ACP // DIHYDROXY-ACETONE-PHOSPHATE // NADH-P-OR-NOP // PROTON // CTP
PWY0-1338,L-ARA4N-MODIFIED-KDO2-LIPID-A // FORMATE // UDP // 2-KETOGLUTARATE // THF-GLU-N // PROTON // CARBON-DIOXIDE // NADH,KDO2-LIPID-A // WATER // GLT // FORMYL-THF-GLU-N // UDP-GLUCURONATE // NAD
PWY0-1415,,
PWY0-1479,Ribonucleoside-Diphosphates // Ribonucleoside-Monophosphates // tRNA-fragment // tRNAs // Nucleoside-Monophosphates,WATER // Pi
PWY0-1533,PROTON // RIBOSE-15-BISPHOSPHATE // CH4 // CH33ADO // MET // Acceptor // PPI // ADENINE,WATER // S-ADENOSYLMETHIONINE // Donor-H2 // CPD0-1068 // ATP
PWY0-1586,CPD-18809 // PROTON // UNDECAPRENYL-DIPHOSPHATE // CPD-17986 // CPD-17988 // CPD0-2579 // CPD-17987 // CPD-17985 // D-ALANINE,GLY // WATER // CPD-17931 // C6
PWY0-162,,
PWY0-166,DIHYDROFOLATE-GLU-N // CARBON-DIOXIDE // Oxidized-NrdH-Proteins // Ox-Thioredoxin // TTP // ADP // PPI // AMMONIUM,METHYLENE-THF-GLU-N // FORMATE // CTP // UTP // CDP // Reduced-NrdH-Proteins // UDP // Red-Thioredoxin // ATP
PWY0-321,AMP // PPI // ACETYL-COA // NADH // SUC-COA,PHENYLACETATE // ATP // CO-A // OXYGEN-MOLECULE // NAD
PWY0-41,CARBON-DIOXIDE // AMMONIUM // ATP // NADH // OXAMATE // NADH-P-OR-NOP,ADP // CPD-1091 // NAD // Pi // NAD-P-OR-NOP
PWY0-42,SUC // PYRUVATE // PROTON // PPI // AMP,OXALACETIC_ACID // PROPIONATE // ATP
PWY0-781,,
PWY0-845,,
PWY0-862,WATER // ACP // CARBON-DIOXIDE // NADP // NAD // Cis-Delta5-dodecenoyl-ACPs,Beta-hydroxydecanoyl-ACPs // MALONYL-ACP // PROTON // NADPH // NADH
PWY1G-0,Pi // UDP // PROTON // CPD1G-2 // CO-A // AMP // PPI // ACET,D-glucopyranose-6-phosphate // WATER // UDP-N-ACETYL-D-GLUCOSAMINE // ACETYL-COA // CYS // ATP
PWY490-3,WATER // Oxidized-ferredoxins // NADP // GLN // ADP // Pi,Reduced-ferredoxins // NITRATE // 2-KETOGLUTARATE // NADPH // ATP
PWY4FS-7,L-1-PHOSPHATIDYL-GLYCEROL // Pi // CMP // PROTON,WATER // CDPDIACYLGLYCEROL // GLYCEROL-3P
PWY4FS-8,L-1-PHOSPHATIDYL-GLYCEROL // Pi // CMP // PROTON,WATER // CDPDIACYLGLYCEROL // GLYCEROL-3P
PWYG-321,NADP // CARBON-DIOXIDE // NAD // ACP // ADENOSYL-HOMO-CYS // CPD1G-1535 // TREHALOSE // CPD1G-1534 // CPD1G-1533 // CPD1G-1532 // CPD1G-1531 // CPD1G-855 // CPD1G-854 // CPD1G-853 // CPD1G-852 // ALPHAALPHA-TREHALOSE-66-BISMYCOLATE // ADP // Pi // AMP // PPI // Fatty-Acid-Synthase-ACPs,NADPH // MALONYL-COA // Palmitoyl-TYPE-I-FAS-ACPs // NADH // MALONYL-ACP // LAUROYLCOA-CPD // S-ADENOSYLMETHIONINE // Mycobacterial-Arabinogalactans // ATP // TREHALOSE-6P // HCO3
PYRIDNUCSAL-PWY,AMP // PPI // GLT // CPD-15317 // ADP // Pi,ATP // WATER // GLN // PRPP
PYRIDNUCSYN-PWY,HYDROGEN-PEROXIDE // Pi // PPI // CARBON-DIOXIDE // AMP // NAD // GLT,L-ASPARTATE // OXYGEN-MOLECULE // DIHYDROXY-ACETONE-PHOSPHATE // PRPP // AMMONIUM // ATP // GLN
PYRIDOXSYN-PWY,CARBON-DIOXIDE // NADH // 2-KETOGLUTARATE // Pi // HYDROGEN-PEROXIDE // PYRIDOXAL_PHOSPHATE,NAD // GLT // PYRUVATE // GAP // ERYTHROSE-4P // OXYGEN-MOLECULE
REDCITCYC,CARBON-DIOXIDE // NADPH // Menaquinols // ACETOACETYL-COA // Reduced-ferredoxins // PROTON,NADP // Menaquinones // 3-KETOBUTYRATE // Oxidized-ferredoxins // ACETYL-COA
RHAMCAT-PWY,PROTON // ADP // LACTALD // DIHYDROXY-ACETONE-PHOSPHATE,RHAMNOSE // ATP
RIBOSYN2-PWY,PPI // FORMATE // AMMONIUM // NADP // Pi // FAD // ADP,GTP // NADPH // RIBULOSE-5P // ATP
RUMP-PWY,NADPH // PROTON // CARBON-DIOXIDE // NADH,NADP // NAD // WATER // FORMALDEHYDE
SALVADEHYPOX-PWY,NADH // URATE // AMMONIUM // RIBOSE-1P,AMP // WATER // NAD
SER-GLYSYN-PWY,,
SO4ASSIM-PWY,3-5-ADP // Ox-Thioredoxin // HS // NADP // WATER,PAPS // Red-Thioredoxin // NADPH
SUCSYN-PWY,D-glucopyranose-6-phosphate // Pi // NAD // ADP // SUCROSE // UDP,WATER // DIHYDROXY-ACETONE-PHOSPHATE // NADH // G3P // ATP // CPD-12575
SULFATE-CYS-PWY,,
TCA,ETR-Quinols // NADH // PROTON // CARBON-DIOXIDE // NADPH // ATP,ETR-Quinones // NAD // NADP // ACETYL-COA // ADP // Pi
TCA-GLYOX-BYPASS,,
TEICHOICACID-PWY,AMP // PPI // ADP // Pi // UMP // CMP // Gro-P-Teichoic-peptidoglycan // UNDECAPRENYL-DIPHOSPHATE // UDP,ATP // D-ALANINE // WATER // UDP-N-ACETYL-D-GLUCOSAMINE // GLYCEROL-3P // CTP // C6 // CPD-12575
THISYN-PWY,,
THREOCAT-PWY,,
THRESYN-PWY,,
TRNA-CHARGING-PWY,L-methionyl-tRNAfmet // PPI // AMP // Charged-GLY-tRNAs // Charged-HIS-tRNAs // Charged-LYS-tRNAs // Charged-MET-tRNAs // Charged-PHE-tRNAs // Charged-PRO-tRNAs // Charged-SER-tRNAs // Charged-THR-tRNAs // Charged-TRP-tRNAs // Charged-TYR-tRNAs // Charged-ASP-tRNAs // Charged-ASN-tRNAs // Charged-ALA-tRNAs // Charged-VAL-tRNAs // Charged-LEU-tRNAs // Charged-ILE-tRNAs // Charged-GLT-tRNAs // Charged-GLN-tRNAs // Charged-CYS-tRNAs // Charged-ARG-tRNAs,Initiation-tRNAmet // MET // ATP // GLY-tRNAs // GLY // HIS-tRNAs // HIS // LYS // LYS-tRNAs // Elongation-tRNAMet // PHE-tRNAs // PHE // PRO-tRNAs // PRO // SER-tRNAs // SER // THR-tRNAs // THR // TRP // TRP-tRNAs // TYR-tRNAs // TYR // ASP-tRNAs // L-ASPARTATE // ASN-tRNAs // ASN // ALA-tRNAs // L-ALPHA-ALANINE // VAL-tRNAs // VAL // LEU-tRNAs // LEU // ILE-tRNAs // ILE // GLT-tRNAs // GLT // GLN-tRNAs // GLN // CYS-tRNAs // CYS // ARG-tRNAs // ARG
TRPSYN-PWY,GAP // TRP // WATER // GLT // PYRUVATE // PPI // CARBON-DIOXIDE,SER // CHORISMATE // GLN // PRPP
TYRFUMCAT-PWY,GLT // FUM // 3-KETOBUTYRATE // PROTON // CARBON-DIOXIDE,TYR // 2-KETOGLUTARATE // WATER // OXYGEN-MOLECULE
UBISYN-PWY,,
UDPNAGSYN-PWY,GLT // CO-A // UDP-N-ACETYL-D-GLUCOSAMINE // PPI,D-glucopyranose-6-phosphate // GLN // ACETYL-COA // UTP
VALDEG-PWY,PROPIONYL-COA // HCO3 // NADH // CPD-466 // CARBON-DIOXIDE // ETF-Reduced,NAD // WATER // ETF-Oxidized // VAL
VALSYN-PWY,CARBON-DIOXIDE // NADP // VAL // 2-KETOGLUTARATE // WATER,PROTON // PYRUVATE // NADPH // GLT
